﻿1|1|1420322359|1380279261|"Ben 10 invited you to a group chat with censored"|4|1|10000|1
1|2|1420322362|1380283906|Woohoo|2|1|1|0
1|3|1420322363|1380283931|"wxid_sfxx97h93xe012:
Excited melompat2... Haha"|4|1|1|1
1|4|1420322365|1380283956|Haha [Grin]|2|1|1|0
1|5|1420322378|1380286349|"wxid_8lzorvqam3so22:
hmmmm ? "|4|1|1|1
1|6|1420322383|1380286536|"wxid_sfxx97h93xe012:
Hmmmmm"|4|1|1|1
1|7|1420322384|1380286597|"wxid_8lzorvqam3so22:
hmm . chap kali chap kali chap3 . hahahaha"|4|1|1|1
1|8|1420322385|1380286656|"wxid_sfxx97h93xe012:
Tukar tempat batu kecil ini, tukar lah ia ke mana ke mari"|4|1|1|1
1|9|1420322386|1380286692|"wxid_8lzorvqam3so22:
*tukarkan . pmbetulan :P"|4|1|1|1
1|10|1420322387|1380286697|"wxid_sfxx97h93xe012:
Si betina mengandung, telurnya tinggal satu, telur telur telur"|4|1|1|1
1|11|1420322388|1380286733|"wxid_sfxx97h93xe012:
Ke sana kh ke mana??"|4|1|1|1
1|12|1420322389|1380286893|"wxid_8lzorvqam3so22:
betelur tu arh Ben 10 -,-"" "|4|1|1|1
1|13|1420322390|1380286895|"wxid_8lzorvqam3so22:
hahahaha"|4|1|1|1
1|14|1420322391|1380286919|"wxid_8lzorvqam3so22:
pndai2 jaa kauu . "|4|1|1|1
1|15|1420322392|1380286925|"wxid_sfxx97h93xe012:
Ish, kasi bah lirik penuh..."|4|1|1|1
1|16|1420322393|1380286930|"wxid_sfxx97h93xe012:
Cepat!!!!"|4|1|1|1
1|17|1420322394|1380287132|"wxid_8lzorvqam3so22:
tukarkn tempat batu kecil ini .. tukarkan ia kesana kemari . c betina betelur.. telur nya tinggal satu ... telur3  ."|4|1|1|1
1|18|1420322395|1380287156|"wxid_sfxx97h93xe012:
Bah tq..."|4|1|1|1
1|19|1420322396|1380287158|"wxid_sfxx97h93xe012:
Hehhe"|4|1|1|1
1|20|1420322399|1380288690|"wxid_8lzorvqam3so22:
chapter biologi ka juga tu Ben 10 ? haha"|4|1|1|1
1|21|1420322510|1380373453|Ben 10 invited B to the group chat|4|1|10000|1
1|22|1420322511|1380373454|Note: B is not WeChat friends with anyone else in this group chat.|4|1|10000|1
1|30|1420322528|1380379654|"wxid_h2vm3c29rp5j22:
Cant find your fb acc"|4|1|1|1
1|31|1420322529|1380379657|"wxid_h2vm3c29rp5j22:
:3"|4|1|1|1
1|32|1420322531|1380379672|"wxid_5m0ooux5qq8422:
then make that group sound noisy eric"|4|1|1|1
1|33|1420322533|1380379700|Harrr, I never heard ppl never found my fb account..|2|1|1|0
1|34|1420322534|1380379713|"wxid_5m0ooux5qq8422:
sy pun tdak kna invite juga [Cry]"|4|1|1|1
1|35|1420322535|1380379717|"wxid_h2vm3c29rp5j22:
Me . Ekekekeee"|4|1|1|1
1|36|1420322537|1380379750|Bebeat, Cannot I scare that if I become too noisy everyone hate me.. lol|2|1|1|0
1|37|1420322539|1380379770|*cannot,|2|1|1|0
1|45|1420322548|1380380111|"wxid_sfxx97h93xe012:
Haha"|4|1|1|1
1|46|1420322549|1380380212|"wxid_5m0ooux5qq8422:
tidaba eric. kau pun diam2 saja la mcm drg. "|4|1|1|1
1|47|1420322554|1380380270|Tidak lama memang saya gila ni.. Kalau diam2.         (~￣▽￣)~|2|1|1|0
1|48|1420322555|1380381448|"wxid_5m0ooux5qq8422:
tidaba eric. kau pun diam2 saja la mcm drg. "|4|1|1|1
1|49|1420322559|1380381841|"wxid_sfxx97h93xe012:
Haha"|4|1|1|1
1|50|1420322584|1380408352|"wxid_8lzorvqam3so22:
eric ? pest time . wakaka"|4|1|1|1
1|51|1420322590|1380428327|GG invited GG to the group chat|4|1|10000|1
1|52|1420322599|1380437165|"wxid_ilo7u8rvlom122:
<msg><emoji fromusername = ""wxid_ilo7u8rvlom122"" tousername = ""3250856252@chatroom"" type=""2"" idbuffer=""media:21255793147904_21255793147904"" md5=""5883b606506766a8733afde516166dad"" len = ""84796"" androidmd5=""e6f269a19ff2fb61fdb847b39c86ebca"" androidlen=""68801"" s60v5md5 = ""f6affb1534b253aa741409c70068a773"" s60v5len=""61332"" s60v3md5 = ""65b4e51ff3505743d8a6ad259a5576e9"" s60v3len=""31820"" ></emoji> </msg>"|4|6|47|1
1|53|1420322600|1380440304|"wxid_sfxx97h93xe012:
<msg><emoji fromusername = ""wxid_sfxx97h93xe012"" tousername = ""3250856252@chatroom"" type=""2"" idbuffer=""media:5849745457152_5849745457152"" md5=""c6345f716d706b8b9df53b0b6fff82cd"" len = ""27756"" androidmd5=""6ae79b62bab61132981f1e85ad7070c4"" androidlen=""21182"" s60v5md5 = ""71d8d7e109f5f9a6f5386118c112ca00"" s60v5len=""19407"" s60v3md5 = ""4eeb062dafd85b384cb321853613d017"" s60v3len=""10600"" ></emoji> <gameext type=""0"" content=""0"" ></gameext></msg>"|4|6|47|1
1|54|1420322601|1380440335|"wxid_5zab8a05ih3y22:
Ada tuisyen kaa"|4|1|1|1
1|55|1420322602|1380440358|"wxid_sfxx97h93xe012:
Ada"|4|1|1|1
1|56|1420322615|1380455765|Peanut :3 What is peat time|2|1|1|0
1|57|1420322617|1380455780|*pest-pest|2|1|1|0
1|58|1420322619|1380455790|*peat-pest|2|1|1|0
1|59|1420322635|1380457508|"wxid_8lzorvqam3so22:
haha. first time baa tu . sorry ."|4|1|1|1
1|60|1420322637|1380457545|Bah oklah..|2|1|1|0
1|64|1420322661|1380523242|Saya btul2 benci cara cikgu Bio kita mengajar.. Harap2 tahun depan tukar cikgu...|2|1|1|0
1|65|1420322663|1380523262|Sporting lah..|2|1|1|0
1|66|1420322664|1380523379|"wxid_sfxx97h93xe012:
Saya suka oh!!!!!!"|4|1|1|1
1|67|1420322665|1380523380|"wxid_sfxx97h93xe012:
Haha"|4|1|1|1
1|68|1420322666|1380523404|"wxid_sfxx97h93xe012:
N fyi eric tahun dpn pn tchr hanisah juga"|4|1|1|1
1|69|1420322668|1380523622|"wxid_r9l0s58kqi0g22:
hahaa..oky bah tu ckgu jga."|4|1|1|1
1|70|1420322669|1380523637|"wxid_sfxx97h93xe012:
Ok lan sharone..."|4|1|1|1
1|71|1420322670|1380523638|"wxid_sfxx97h93xe012:
Haha"|4|1|1|1
1|72|1420322671|1380523641|"wxid_sfxx97h93xe012:
Baik hati..."|4|1|1|1
1|73|1420322672|1380523648|"wxid_ilo7u8rvlom122:
ohh c eric ksitau tcr"|4|1|1|1
1|74|1420322673|1380523661|"wxid_sfxx97h93xe012:
Cuma murid2 nie bah tdk mw dngr tchr mengajar..."|4|1|1|1
1|75|1420322674|1380523666|"wxid_sfxx97h93xe012:
Bercerita seja.."|4|1|1|1
1|76|1420322677|1380524228|"wxid_5m0ooux5qq8422:
wakaka poor eric. knapa tdk suka eric? sila jelaskan."|4|1|1|1
1|77|1420322679|1380524286|Ben 10, apa itu nyi fen?|2|1|1|0
1|78|1420322682|1380524312|* N fyi|2|1|1|0
1|79|1420322680|1380524313|"wxid_sfxx97h93xe012:
Fyi= for your information.."|4|1|1|1
1|80|1420322683|1380524340|"wxid_sfxx97h93xe012:
N=and"|4|1|1|1
1|81|1420322684|1380524343|"wxid_sfxx97h93xe012:
Haha"|4|1|1|1
1|82|1420322686|1380524345|Oh no.. Feel like want to move to other school XD|2|1|1|0
1|83|1420322687|1380524358|"wxid_sfxx97h93xe012:
Hmmmmm"|4|1|1|1
1|84|1420322688|1380524384|"wxid_5zab8a05ih3y22:
Suit w you maybe there"|4|1|1|1
1|85|1420322689|1380524414|"wxid_sfxx97h93xe012:
Haha"|4|1|1|1
1|86|1420322690|1380524425|"wxid_sfxx97h93xe012:
Mampu berketawa sahaja.."|4|1|1|1
1|87|1420322696|1380524499|For all ppl, kamu suka kah kalau cikgu tdk mengajar bagi nota saja lalu kalau ada test jika seorang gagal kena menari lah.. Adakah cikgu yg guna cara begitu mengajar? Adalah, cikgu Hanisah..|2|1|1|0
1|88|1420322691|1380524500|"wxid_5zab8a05ih3y22:
Hahaa lol"|4|1|1|1
1|89|1420322692|1380524501|"wxid_sfxx97h93xe012:
Lol"|4|1|1|1
1|90|1420322693|1380524502|"wxid_sfxx97h93xe012:
Laugh out loud"|4|1|1|1
1|91|1420322694|1380524503|"wxid_sfxx97h93xe012:
Laugh out loud"|4|1|1|1
1|92|1420322698|1380524545|Hahahhahahhaahhahahahhahahahahah ketawa paksa|2|1|1|0
1|93|1420322699|1380524628|"wxid_sfxx97h93xe012:
Bio sebenarnya kena belajar dr usaha sendiri bah.."|4|1|1|1
1|94|1420322700|1380524637|"wxid_sfxx97h93xe012:
Kalau tdk faham boleh tnya lah.."|4|1|1|1
1|95|1420322701|1380524649|"wxid_sfxx97h93xe012:
Sorry lah eric..."|4|1|1|1
1|188|1420322885|1380611711|"wxid_sfxx97h93xe012:
<msg><emoji fromusername = ""wxid_sfxx97h93xe012"" tousername = ""3250856252@chatroom"" type=""2"" idbuffer=""media:5849745457152_5849745457152"" md5=""c6345f716d706b8b9df53b0b6fff82cd"" len = ""27756"" androidmd5=""6ae79b62bab61132981f1e85ad7070c4"" androidlen=""21182"" s60v5md5 = ""71d8d7e109f5f9a6f5386118c112ca00"" s60v5len=""19407"" s60v3md5 = ""4eeb062dafd85b384cb321853613d017"" s60v3len=""10600"" ></emoji> <gameext type=""0"" content=""0"" ></gameext></msg>"|4|6|47|1
1|189|1420322886|1380611712|"wxid_sfxx97h93xe012:
<msg><emoji fromusername = ""wxid_sfxx97h93xe012"" tousername = ""3250856252@chatroom"" type=""2"" idbuffer=""media:9092445765632_9092445765632"" md5=""ca17f472025f0943917b443faeaee999"" len = ""55364"" androidmd5=""aab84584b5a3f262286cb38bb107b53e"" androidlen=""42987"" s60v5md5 = ""9ba91445cb514775aadc8663b156a70b"" s60v5len=""40089"" s60v3md5 = ""89e50f83c19db1cc02f5539db28396d0"" s60v3len=""21211"" ></emoji> <gameext type=""0"" content=""0"" ></gameext></msg>"|4|6|47|1
1|190|1420322887|1380611727|"wxid_x86109an8w5j22:
[Poop]tidak fresh taii kau niii"|4|1|1|1
1|191|1420322888|1380611731|"wxid_x86109an8w5j22:
tgk tmpat sy"|4|1|1|1
1|192|1420322889|1380611739|"wxid_x86109an8w5j22:
ada asap2 lagi. wkwkwkw"|4|1|1|1
1|193|1420322890|1380611780|"wxid_sfxx97h93xe012:
Hmmm"|4|1|1|1
1|194|1420322891|1380611781|"wxid_sfxx97h93xe012:
Hahha"|4|1|1|1
1|195|1420322892|1380611793|"wxid_sfxx97h93xe012:
🙉🙊🙈"|4|1|1|1
1|196|1420322893|1380611909|"wxid_x86109an8w5j22:
[Determined]"|4|1|1|1
1|197|1420322894|1380611929|"wxid_sfxx97h93xe012:
<msg><emoji fromusername = ""wxid_sfxx97h93xe012"" tousername = ""3250856252@chatroom"" type=""2"" idbuffer=""media:13099650252800_13099650252800"" md5=""7590a6e186522063b994eaf8f45673bf"" len = ""29707"" androidmd5=""72ebfa527add152c6872219044b151c3"" androidlen=""23051"" s60v5md5 = ""258905d915bc0c828f330739a1fe897a"" s60v5len=""21341"" s60v3md5 = ""c73f7980218f77ffbc745c964e411a10"" s60v3len=""11412"" ></emoji> <gameext type=""0"" content=""0"" ></gameext></msg>"|4|6|47|1
1|198|1420322895|1380611954|"wxid_x86109an8w5j22:
<msg><emoji fromusername = ""wxid_x86109an8w5j22"" tousername = ""3250856252@chatroom"" type=""1"" idbuffer=""media:2645747116736513_2645747116736513"" md5=""091577322c40c05aa3dd701da29d6423"" len = ""11765"" androidmd5=""091577322c40c05aa3dd701da29d6423"" androidlen=""11765"" s60v3md5 = ""091577322c40c05aa3dd701da29d6423"" s60v3len=""11765"" s60v5md5 = ""091577322c40c05aa3dd701da29d6423"" s60v5len=""11765"" ></emoji> <gameext type=""1"" content=""3"" ></gameext></msg>"|4|6|47|1
1|199|1420322896|1380611958|"wxid_x86109an8w5j22:
<msg><emoji fromusername = ""wxid_x86109an8w5j22"" tousername = ""3250856252@chatroom"" type=""2"" idbuffer=""media:17300128268288_17300128268288"" md5=""1280edfca8cb1dcf78e44789358e35d6"" len = ""34946"" androidmd5=""6a9284bc5ce0bf059375e970a49fa2c5"" androidlen=""26595"" s60v5md5 = ""9217df3798a02e85441f16745d60a838"" s60v5len=""25017"" s60v3md5 = ""6fa33890ca6f24a5d3af141a287b2f50"" s60v3len=""12935"" ></emoji> icon_030_cover.png</msg>"|4|6|47|1
1|200|1420322898|1380611983|"<msg><appmsg appid=""Donkey Q-en""  sdkver=""0""><title></title><des></des><action></action><type>8</type><showtype>0</showtype><mediatagname></mediatagname><content></content><url></url><lowurl></lowurl><dataurl></dataurl><lowdataurl></lowdataurl><appattach><totallen>25103</totallen><attachid>4177469883940864:4177469883940864</attachid><emoticonmd5>c91ac0a60829ce26ad17aeafab8496a0</emoticonmd5><fileext>pic</fileext></appattach><extinfo></extinfo><sourceusername></sourceusername><sourcedisplayname></sourcedisplayname><commenturl></commenturl><thumburl></thumburl></appmsg><appinfo><version>0</version><appname>(App not yet verified)</appname></appinfo></msg>"|2|5|49|0
1|201|1420322900|1380611987|"<msg><appmsg appid=""Billd-en""  sdkver=""0""><title></title><des></des><action></action><type>8</type><showtype>0</showtype><mediatagname></mediatagname><content></content><url></url><lowurl></lowurl><dataurl></dataurl><lowdataurl></lowdataurl><appattach><totallen>56328</totallen><attachid>1394202227834881:1394202227834881</attachid><emoticonmd5>ecdfefb255bfb94807b2fe4ba30be5b4</emoticonmd5><fileext>pic</fileext></appattach><extinfo></extinfo><sourceusername></sourceusername><sourcedisplayname></sourcedisplayname><commenturl></commenturl><thumburl></thumburl></appmsg><appinfo><version>0</version><appname>(App not yet verified)</appname></appinfo></msg>"|2|5|49|0
1|203|1420322908|1380612046|I send picture lah..|2|1|1|0
1|204|1420322909|1380612057|"wxid_sfxx97h93xe012:
<msg><emoji fromusername = ""wxid_sfxx97h93xe012"" tousername = ""3250856252@chatroom"" type=""2"" idbuffer=""media:10436770529280_10436770529280"" md5=""9cf03d450b27e8011bba02a652bc357a"" len = ""73846"" androidmd5=""bb82ce58f5ed6fdd2b5e34fc2a8e347a"" androidlen=""57837"" s60v5md5 = ""a735050d10b4106b016d44eebb05e7d4"" s60v5len=""51705"" s60v3md5 = ""94f88a0e4c5d69da8b4672a77fad2f89"" s60v3len=""27969"" ></emoji> <gameext type=""0"" content=""0"" ></gameext></msg>"|4|6|47|1
1|205|1420322915|1380612131|"wxid_x86109an8w5j22:
its a mess in my headddd. well ya eventhough its juat a picture wkwkekw"|4|1|1|1
1|206|1420322916|1380612134|"wxid_x86109an8w5j22:
tdk baa"|4|1|1|1
1|207|1420322917|1380612168|"wxid_x86109an8w5j22:
jangan dii kau mara. eric, ko pandai cakap dusun ka"|4|1|1|1
1|208|1420322919|1380612181|"wxid_x86109an8w5j22:
*just"|4|1|1|1
1|210|1420322922|1380612225|"wxid_x86109an8w5j22:
atukoiii pandaii ohh bdusun2. mingkakat"|4|1|1|1
1|211|1420322923|1380612227|"wxid_x86109an8w5j22:
hahhaha"|4|1|1|1
1|212|1420322924|1380612243|"wxid_x86109an8w5j22:
au ku karati do dusun"|4|1|1|1
1|213|1420322925|1380612258|"wxid_x86109an8w5j22:
that is how it suppose to be wkwkwkq"|4|1|1|1
1|214|1420322926|1380612278|"wxid_x86109an8w5j22:
k laaa. im out :D take care semuaaa :*"|4|1|1|1
1|215|1420322928|1380612282|Atukoiii dan mingkakat tdk faham|2|1|1|0
1|216|1420322930|1380612288|Ok thank you |2|1|1|0
1|217|1420322932|1380612295|Ajar lagi leh...|2|1|1|0
1|218|1420322934|1380612378|Au ku do karati Dusun[Smile]|2|1|1|0
